JFX4PIP,1490459070.43
BFO9C5J,1490459070.43
BBX9PFD,1490459070.43
AFXKC57,1490459070.43
DFX1BID,1490459070.43
AF59W5D,1490459070.43
BFXIPL9,1490459070.43
IF5APF7,1490459070.43
BFY4T5D,1490459070.43
BJX9PF7,1490459070.43
AF59PFD,1490459070.43
IGX9PI9,1490459070.43
IF5K059,1490459070.43
BBO1PIP,1490459070.43
A559TFD,1490459070.43
BBHICFD,1490459070.43
A554BIJ,1490459070.43
BAQKPF9,1490459070.43
BB56P57,1490459070.43
BBXICU7,1490459070.43
ABXNCFD,1490459070.43
AF56CFD,1490459070.43
9FXICFD,1490459070.43
AG5IPI9,1490459070.43
AWHIPN7,1490459070.43
I45A2FD,1490459070.43
AB59CY9,1490459070.43
BFX9E5D,1490459070.43
AJXIP5W,1490459070.43
AF5C2I8,1490459070.43
5F5IC5W,1490459070.43
IF5K25D,1490459070.43
BQO9E5D,1490459070.43
PCX172,1490459102.65
AFXK0FV,1490459102.65
AB5IP5P,1490459102.65
BBX6PFD,1490459102.65
AFXACI9,1490459102.65
AU5ICFP,1490459102.65
AF5AE5J,1490459102.65
BF5OP5D,1490459102.65
BF54P5D,1490459102.65
BQXKPI9,1490459102.65
BF592M9,1490459102.65
IB59PFW,1490459102.65
AUX40IJ,1490459102.65
DBX9TFD,1490459102.65
BB54PFP,1490459102.65
BBI9TF7,1490459102.65
AW59TFP,1490459102.65
ZFO9TL9,1490459102.65
0A59EF7,1490459102.65
BA59BF7,1490459102.65
A4QX057,1490459102.65
IBQ9PF9,1490459102.65
IV56PND,1490459102.65
AFO9CFP,1490459102.65
BFOIC5J,1490459102.65
AFXKCI9,1490459102.65
3F590F9,1490459102.65
JUHICIJ,1490459102.65
AFH9CMP,1490459102.65
BBQI0ID,1490459102.65
IB5ATF9,1490459102.65
BBSAGFJ,1490459102.65
AUQ9257,1490459102.65
BF5IPZ7,1490459102.65
JUO9ER9,1490459102.65
IJOIPN7,1490459102.65
BH59PID,1490459102.65
ABT9WNW,1490459102.65
ABHIPF9,1490459102.65
BFOATFD,1490459102.65
B55IPI7,1490459102.65
DUH9T57,1490459102.65
AF5KPF9,1490459102.65
AU54CI7,1490459102.65
3WIJT57,1490459102.65
BAXIP5P,1490459102.65
BFXCP5D,1490459102.65
BFXICRJ,1490459102.65
BF5ACF9,1490459102.65
AFXXCFJ,1490459102.65
BFXKP57,1490459102.65
BF59CU9,1490459102.65
3F54PFD,1490459102.65
BGO9P5J,1490459102.65
BF59CLW,1490459102.65
3952EF9,1490459102.65
IF590F9,1490459102.65
BI56E5J,1490459102.65
BUKIPFJ,1490459102.65
XFIIWFD,1490459102.65
GA5HPFH,1490459102.65
A559E56,1490459102.65
AU5I0FD,1490459102.65
AF59CIJ,1490459102.65
5FOICF7,1490459102.65
A4Y9PID,1490459102.65
DUO9CID,1490459102.65
B559UO6,1490459102.65
IK54TLD,1490459102.65
AU5RPFD,1490459102.65
IAX4TFD,1490459102.65
JUH6RI9,1490459102.65
GYX4WFW,1490459102.65
B55KC5P,1490459102.65
AF5XBF7,1490459102.65
5N56B59,1490459102.65
JSQACQJ,1490459102.65
ABOITIV,1490459102.65
AUOKTF9,1490459102.65
B5XIP5P,1490459102.65
ABNKPFJ,1490459102.65
AQ5IEF9,1490459102.65
IHO9PFP,1490459102.65
2BO9PIJ,1490459102.65
BQX4CFH,1490459102.65
XYOITLP,1490459102.65
DF5CXZP,1490459102.65
D45KP5J,1490459102.65
AWOI0I9,1490459102.65
XQ59CF8,1490459102.65
B4QIPFP,1490459102.65
BB59PL7,1490459102.65
BF5IC56,1490459102.65
BFO4057,1490459102.65
BGTICF7,1490459102.65
B6OKPF9,1490459102.65
BQO4LFD,1490459102.65
D559TI7,1490459102.65
BF59PIS,1490459102.65
D4H4MFD,1490459102.65
GQX9PFD,1490459102.65
I5X6CLD,1490459102.65
B554T5W,1490459102.65
A9Q6P5J,1490459102.65
5FO9C5P,1490459102.65
AB59CI9,1490459102.65
AFOICZJ,1490459102.65
AB59C79,1490459102.65
IBH4CFP,1490459102.65
B5X9BUD,1490459114.28
6F5CP5J,1490459114.28
KAT4EFP,1490459114.28
DWQITF6,1490459114.28
XFT9EZD,1490459114.28
AFQI256,1490459114.28
BB5IP5D,1490459114.28
I9O9PF9,1490459114.28
BN59PF9,1490459114.28
7BO9C57,1490459114.28
JBXA0F9,1490459114.28
BFQKG5D,1490459114.28
BFI6CID,1490459114.28
BBQ9CFJ,1490459114.28
5E5CPUD,1490459114.28
3F5ICF9,1490459114.28
ABOIU5W,1490459114.28
BFS4PFS,1490459114.28
DF52TF7,1490459114.28
BA5I2FW,1490459114.28
BBOKFF9,1490459114.28
B5HIPI9,1490459114.28
BUO9CFP,1490459114.28
IHXIPRW,1490459114.28
DBQKBFP,1490459114.28
XB59PI9,1490459114.28
I55C25D,1490459114.28
IFX9BEJ,1490459114.28
BW59057,1490459114.28
Y5O9P78,1490459114.28
A4OIEOD,1490459114.28
55O4C5P,1490459114.28
B45925D,1490459114.28
PCX172,1490459126.31
BBHII5J,1490459126.31
KBO9CL1,1490459126.31
B5Y4TFV,1490459126.31
BBXHCFD,1490459126.31
BBQKB57,1490459126.31
AF592UJ,1490459126.31
655C2F9,1490459126.31
XFO9PF7,1490459126.31
0QT6W59,1490459126.31
IBXI2IP,1490459126.31
IUO9EFD,1490459126.31
DW5ICFD,1490459126.31
B5XICLH,1490459126.31
AZQKWFV,1490459126.31
BYOICFP,1490459126.31
B4OIPFD,1490459126.31
B45ICID,1490459126.31
DFOAP5D,1490459126.31
25X9BZS,1490459126.31
DUXKE59,1490459126.31
BUO90N9,1490459126.31
ID54TI9,1490459126.31
BYO9CF9,1490459126.31
DUO2C5H,1490459126.31
5FOIPF6,1490459126.31
AA5ITFJ,1490459126.31
A5592N7,1490459126.31
BF59CFD,1490459126.31
A4592ID,1490459126.31
IFHKTRD,1490459126.31
0A59PF9,1490459126.31
A5QVH57,1490459126.31
D9QC2Y9,1490459126.31
2BX2CI9,1490459126.31
BUX9P5V,1490459126.31
AU59CFH,1490459126.31
AYHKTF9,1490459126.31
AF59BZ7,1490459126.31
BW59TU9,1490459126.31
AW5ICFP,1490459126.31
BA5X2F9,1490459126.31
BU59TID,1490459126.31
BF5IC5D,1490459126.31
BF5KPF9,1490459126.31
545KCZP,1490459126.31
UUQXB5P,1490459126.31
IQICWYP,1490459126.31
AYY6B5S,1490459126.31
AF5RCF9,1490459126.31
B4XKTI9,1490459126.31
BF5KPRP,1490459126.31
VW590I9,1490459126.31
AUXCKI9,1490459126.31
NB5ITNZ,1490459126.31
B5X6PM9,1490459126.31
3FV6PO9,1490459126.31
AJX6NF9,1490459126.31
AUQ9BFP,1490459126.31
UUTICZH,1490459126.31
I5Z4PFD,1490459126.31
IFI9CF8,1490459126.31
IFOKP5J,1490459126.31
AF5APFJ,1490459126.31
XVO9T5P,1490459126.31
DFQCBF7,1490459126.31
GA54PO7,1490459126.31
BUO9T5P,1490459126.31
3WXCPF9,1490459126.31
OYHICN9,1490459126.31
DFI45I9,1490459126.31
BUO9WF9,1490459126.31
OUO9PF0,1490459126.31
I55OC5H,1490459126.31
AF51XFJ,1490459126.31
AFUCB5J,1490459126.31
AG59P5J,1490459126.31
AU6AC59,1490459126.31
IFO9LFD,1490459126.31
BGHIGF9,1490459126.31
BFQ6PZ7,1490459126.31
ABX4PI9,1490459126.31
IFX10NT,1490459126.31
BF5H0NH,1490459126.31
IFY9CF9,1490459126.31
JHO4UF9,1490459126.31
AAKKEFP,1490459126.31
BGHCP57,1490459126.31
XW59W59,1490459126.31
DUKACI9,1490459126.31
BF59C5L,1490459126.31
BFXITFP,1490459126.31
B5QICF9,1490459126.31
BUOICFJ,1490459126.31
AQ5APFP,1490459126.31
ABHKIF9,1490459126.31
IYO90FH,1490459126.31
BUT9WF9,1490459126.31
A559TOJ,1490459126.31
IFQKC5P,1490459126.31
5FH6P58,1490459126.31
BBT4PFL,1490459126.31
B5OIBFP,1490459126.31
BB79EI4,1490459126.31
D5OKB5P,1490459126.31
BE54B5D,1490459126.31
B55CB5J,1490459126.31
B5O9C57,1490459126.31
BAYIPF9,1490459126.31
IUT90FP,1490459126.31
IFX9WUP,1490459137.98
BH5C259,1490459137.98
DB59P5P,1490459137.98
BGO9C5J,1490459137.98
DU59PLP,1490459137.98
A559PRP,1490459137.98
IBXKC59,1490459137.98
BF54MFD,1490459137.98
AUH9CFP,1490459137.98
BU59PLD,1490459137.98
BU5ICIJ,1490459137.98
DBH9CU9,1490459137.98
IBHKPF9,1490459137.98
D5O9PF9,1490459137.98
A454C5W,1490459137.98
BFXIPFT,1490459137.98
AFOIB59,1490459137.98
BAQIP57,1490459137.98
5U59PLD,1490459137.98
D4XACI9,1490459137.98
DFX905D,1490459137.98
AU5ACI7,1490459137.98
BF5IP57,1490459137.98
AB59CFP,1490459137.98
BB56PFD,1490459137.98
BFXIPID,1490459137.98
AFO9PF7,1490459137.98
AF56P5D,1490459137.98
AB24CFD,1490459137.98
AWO9PID,1490459137.98
B5O9POD,1490459137.98
B5XIPL7,1490459137.98
AF5AWF7,1490459137.98
PCX172,1490459143.1
AUHICL9,1490459143.1
ZBO9P57,1490459143.1
A5XIU5H,1490459143.1
555KCLD,1490459143.1
IB5ICFD,1490459143.1
Y559PYJ,1490459143.1
YU5IP5D,1490459143.1
BB5CP5D,1490459143.1
BQ5KBF9,1490459143.1
BB59PI7,1490459143.1
BO5KPRD,1490459143.1
AF5IBID,1490459143.1
A5X4WFD,1490459143.1
BF5KEFH,1490459143.1
BUYACLV,1490459143.1
BW59C5J,1490459143.1
AU59T57,1490459143.1
I55IC5W,1490459143.1
3B54TUJ,1490459143.1
JB5975J,1490459143.1
X456PID,1490459143.1
BGO4GFP,1490459143.1
BU5ABF9,1490459143.1
DQXI2F9,1490459143.1
B5O9PFW,1490459143.1
5B59CL7,1490459143.1
DB5IRID,1490459143.1
D5O9TFD,1490459143.1
A4X9PID,1490459143.1
IF5XP5Z,1490459143.1
JB59TF1,1490459143.1
BF59M5J,1490459143.1
DG59T5P,1490459143.1
AU59PO9,1490459143.1
BU5IPF9,1490459143.1
DUXITIQ,1490459143.1
BG5ICF9,1490459143.1
AAOKCI9,1490459143.1
B554C5J,1490459143.1
BFXI05P,1490459143.1
AF5KTI9,1490459143.1
A5590F9,1490459143.1
I459TI9,1490459143.1
BA5IEI7,1490459143.1
BBQ9BUL,1490459143.1
IFX9PF9,1490459143.1
A5QI5FP,1490459143.1
BFK4PF7,1490459143.1
3U59PFV,1490459143.1
AFZKE57,1490459143.1
DA5KTND,1490459143.1
BU59PID,1490459143.1
AA5KCF9,1490459143.1
3559TDD,1490459143.1
BAXIHF7,1490459143.1
B4X9CF9,1490459143.1
3559PFV,1490459143.1
A5QI2Z9,1490459143.1
B5T9BIJ,1490459143.1
AF59BFJ,1490459143.1
D5Q9P57,1490459143.1
BQ5IP59,1490459143.1
AF59CFD,1490459143.1
JB59EFV,1490459143.1
AF59PF7,1490459143.1
DU5XCF6,1490459143.1
D5TICF1,1490459143.1
DBQITI9,1490459143.1
3BXCPO9,1490459143.1
I454TF9,1490459143.1
IWOAPNW,1490459143.1
AB52B59,1490459143.1
JF5KP5J,1490459143.1
DW59P59,1490459143.1
I4QAPI9,1490459143.1
I5IKCFP,1490459143.1
B45ITF9,1490459143.1
BS59T79,1490459143.1
AA5APFD,1490459143.1
A456POD,1490459143.1
AB59CF7,1490459143.1
IFQICF9,1490459143.1
0YK42FD,1490459143.1
IUXIPF9,1490459143.1
D55CCZP,1490459143.1
BAQKP57,1490459143.1
ZBQ9MZP,1490459143.1
AWH9TFD,1490459143.1
O5IIC5H,1490459143.1
BU5K0FJ,1490459143.1
BFXIC5W,1490459143.1
DU5ATYD,1490459143.1
ZU5IPFD,1490459143.1
BU59P5Z,1490459143.1
A45ITF1,1490459143.1
IU59TF9,1490459143.1
IAOKIFH,1490459143.1
BF5625P,1490459143.1
AUQIPD7,1490459143.1
BB5CPRJ,1490459143.1
BF5IPF9,1490459143.1
IUXC2FJ,1490459143.1
B4O9POW,1490459143.1
BUO4BLD,1490459143.1
A55IPF7,1490459143.1
IB5IBIJ,1490459143.1
A4HAP5D,1490459143.1
AU5KTFP,1490459143.1
I65A0F9,1490459143.1
